Entity,Year,Wheat ,Rice,Bananas ,Maize ,Soybeans ,Potatoes,"Beans, dry ","Peas, dry ",Cassava ,Cocoa beans,Barley ,Change in global mean surface temperature caused by greenhouse gas emissions from agriculture and land use,Temperature anomaly,Annual precipitation anomaly
Africa,1961,0.064770,0.136736,0.061470,0.028427,0.055296,0.108084,0.058096,0.094739,0.091179,0.004714,0.031327,0.054815,0.598283,0.403365
Africa,1962,0.086418,0.158644,0.064265,0.030262,0.057889,0.101996,0.059730,0.108115,0.091160,0.004797,0.062270,0.056254,0.598283,0.403365
Africa,1963,0.084146,0.168404,0.062730,0.030196,0.058092,0.103871,0.059615,0.099341,0.092064,0.005053,0.055826,0.057613,0.598283,0.403365
Africa,1964,0.081700,0.161344,0.065248,0.026658,0.054324,0.104331,0.060702,0.103874,0.092560,0.006420,0.049579,0.058953,0.598283,0.403365
Africa,1965,0.077579,0.153923,0.066367,0.027951,0.051199,0.108165,0.062358,0.100615,0.095055,0.004716,0.053940,0.060233,0.598283,0.403365
Africa,1966,0.070957,0.151345,0.064975,0.029196,0.055108,0.110237,0.063833,0.099712,0.094782,0.005977,0.034160,0.061455,0.598283,0.403365
Africa,1967,0.078754,0.164422,0.069115,0.037275,0.061626,0.109196,0.065335,0.100179,0.094462,0.005862,0.048599,0.062728,0.598283,0.403365
Africa,1968,0.093021,0.167519,0.069462,0.029274,0.061247,0.113391,0.062879,0.101545,0.095770,0.005313,0.075281,0.063982,0.598283,0.403365
Africa,1969,0.075606,0.172505,0.069597,0.031077,0.067585,0.108432,0.061890,0.104504,0.095876,0.005928,0.058927,0.065253,0.598283,0.403365
Africa,1970,0.081493,0.169418,0.063000,0.030989,0.064241,0.115816,0.062419,0.103027,0.099432,0.006513,0.059769,0.066644,0.598283,0.403365
Africa,1971,0.091674,0.166012,0.066850,0.036670,0.060630,0.107636,0.061481,0.108839,0.096405,0.006687,0.068066,0.067846,0.598283,0.403365
Africa,1972,0.092937,0.167263,0.064454,0.037521,0.063438,0.117886,0.067184,0.101932,0.098896,0.006111,0.070263,0.069014,0.598283,0.403365
Africa,1973,0.087580,0.162988,0.070074,0.029015,0.064278,0.112723,0.061079,0.074619,0.096934,0.005634,0.046269,0.070185,0.598283,0.403365
Africa,1974,0.090349,0.166928,0.068382,0.039840,0.079762,0.111998,0.060464,0.094484,0.096716,0.006048,0.063840,0.071282,0.598283,0.403365
Africa,1975,0.103202,0.167176,0.065518,0.038741,0.081684,0.113241,0.066439,0.086994,0.104723,0.005863,0.060052,0.072430,0.598283,0.403365
Africa,1976,0.105438,0.160659,0.063952,0.037813,0.088057,0.110331,0.067650,0.091713,0.108172,0.005143,0.069890,0.073536,0.598283,0.403365
Africa,1977,0.086411,0.157003,0.065177,0.041132,0.097409,0.114982,0.067338,0.083164,0.110516,0.005332,0.047305,0.074744,0.598283,0.403365
Africa,1978,0.097431,0.159621,0.065341,0.041925,0.125044,0.112614,0.065409,0.087357,0.108327,0.005103,0.058622,0.075861,0.598283,0.403365
Africa,1979,0.099033,0.157282,0.070695,0.038123,0.121246,0.118171,0.063304,0.106441,0.112039,0.005607,0.056757,0.077026,0.598283,0.403365
Africa,1980,0.102748,0.161424,0.067313,0.042475,0.118121,0.119147,0.061689,0.118637,0.110335,0.005554,0.068136,0.078184,0.598283,0.403365
Africa,1981,0.106185,0.157376,0.074105,0.050464,0.116876,0.112076,0.064810,0.094425,0.113694,0.005665,0.049352,0.079237,0.598283,0.403365
Africa,1982,0.119924,0.159916,0.070999,0.039988,0.117562,0.110778,0.063881,0.100571,0.113403,0.005094,0.073207,0.080342,0.598283,0.403365
Africa,1983,0.104452,0.165772,0.070842,0.031515,0.135785,0.114559,0.065162,0.089142,0.114449,0.005261,0.053474,0.081448,0.598283,0.403365
Africa,1984,0.107268,0.165149,0.067411,0.032750,0.135939,0.117138,0.064775,0.082761,0.115354,0.006189,0.050882,0.082554,0.598283,0.403365
Africa,1985,0.116742,0.170882,0.070686,0.040830,0.149854,0.128718,0.068411,0.082120,0.124988,0.005952,0.072011,0.083639,0.598283,0.403365
Africa,1986,0.135469,0.172338,0.070122,0.039489,0.138321,0.129712,0.067267,0.081498,0.124351,0.006269,0.080394,0.084697,0.598283,0.403365
Africa,1987,0.140966,0.177199,0.072213,0.036537,0.124348,0.142498,0.069203,0.082552,0.122955,0.006566,0.058598,0.085845,0.598283,0.403365
Africa,1988,0.164915,0.168570,0.064564,0.041064,0.119364,0.141211,0.069384,0.084137,0.124629,0.007702,0.082658,0.086888,0.598283,0.403365
Africa,1989,0.138814,0.177297,0.064894,0.046124,0.103676,0.142314,0.069748,0.085690,0.123478,0.008121,0.075280,0.088009,0.598283,0.403365
Africa,1990,0.149844,0.185377,0.065665,0.041225,0.099723,0.142324,0.076489,0.092399,0.131192,0.007810,0.066498,0.089220,0.598283,0.403365
Africa,1991,0.179581,0.183404,0.065211,0.040743,0.120797,0.141890,0.073785,0.115138,0.129559,0.007710,0.087852,0.090622,0.598283,0.403365
Africa,1992,0.152024,0.184540,0.065909,0.030993,0.085524,0.141720,0.071138,0.076816,0.129191,0.008376,0.057846,0.092105,0.598283,0.403365
Africa,1993,0.153567,0.193067,0.066881,0.042444,0.096598,0.148288,0.068788,0.091159,0.131500,0.008301,0.052973,0.093564,0.598283,0.403365
Africa,1994,0.182110,0.180858,0.068398,0.043701,0.095602,0.145277,0.061120,0.076111,0.129458,0.008377,0.087200,0.095202,0.598283,0.403365
Africa,1995,0.152006,0.187735,0.068467,0.037935,0.105290,0.158487,0.063649,0.090943,0.132361,0.008378,0.052081,0.096767,0.598283,0.403365
Africa,1996,0.190832,0.198995,0.067680,0.046753,0.129659,0.157656,0.058050,0.086532,0.133229,0.008994,0.097334,0.098344,0.598283,0.403365
Africa,1997,0.167918,0.194184,0.063949,0.044175,0.131566,0.151299,0.056611,0.088928,0.137305,0.008564,0.058945,0.099920,0.598283,0.403365
Africa,1998,0.173702,0.184834,0.061301,0.043344,0.149406,0.162089,0.061733,0.082290,0.133672,0.008956,0.064262,0.101626,0.598283,0.403365
Africa,1999,0.170616,0.204716,0.066550,0.047571,0.155067,0.142876,0.063210,0.080151,0.135719,0.008183,0.059178,0.103205,0.598283,0.403365
Africa,2000,0.163615,0.203800,0.062058,0.049220,0.154788,0.137975,0.061886,0.083286,0.138930,0.008646,0.036263,0.104802,0.598283,0.403365
Africa,2001,0.189147,0.194433,0.061322,0.047104,0.158261,0.144504,0.063247,0.085007,0.142637,0.008439,0.059192,0.106385,0.598283,0.403365
Africa,2002,0.199494,0.192464,0.074333,0.047877,0.153115,0.141664,0.063878,0.100856,0.143992,0.008568,0.073645,0.108068,0.598283,0.403365
Africa,2003,0.207874,0.203812,0.070311,0.043931,0.144084,0.145499,0.058714,0.091542,0.140258,0.008827,0.080504,0.109861,0.598283,0.403365
Africa,2004,0.207162,0.204641,0.077862,0.047320,0.150977,0.140663,0.055494,0.101153,0.144468,0.008942,0.080855,0.111726,0.598283,0.403365
Africa,2005,0.199628,0.199699,0.078915,0.046333,0.160311,0.147636,0.057155,0.095880,0.147912,0.008560,0.065605,0.113664,0.598283,0.403365
Africa,2006,0.228159,0.206724,0.080140,0.048556,0.165134,0.158311,0.061790,0.100322,0.154726,0.009156,0.089342,0.115595,0.598283,0.403365
Africa,2007,0.189153,0.210984,0.087083,0.047004,0.152899,0.154395,0.064372,0.109930,0.151293,0.007862,0.064887,0.117565,0.598283,0.403365
Africa,2008,0.215652,0.227356,0.086755,0.050981,0.166967,0.176877,0.074508,0.108905,0.153390,0.008228,0.065446,0.119833,0.598283,0.403365
Africa,2009,0.240300,0.231575,0.092761,0.054544,0.166539,0.169677,0.077562,0.102994,0.151252,0.008297,0.114740,0.122102,0.598283,0.403365
Africa,2010,0.216856,0.203334,0.087713,0.055052,0.198223,0.190136,0.076109,0.115646,0.153902,0.008358,0.098811,0.124437,0.598283,0.403365
Africa,2011,0.243858,0.213875,0.083872,0.051521,0.171923,0.193509,0.079756,0.116778,0.152971,0.008629,0.094314,0.126851,0.598283,0.403365
Africa,2012,0.224335,0.213391,0.091677,0.054050,0.172472,0.206042,0.077136,0.121677,0.134374,0.008832,0.084015,0.129241,0.598283,0.403365
Africa,2013,0.261712,0.202567,0.099564,0.051721,0.168708,0.204879,0.077961,0.132695,0.133427,0.008603,0.102504,0.131632,0.598283,0.403365
Africa,2014,0.240919,0.208917,0.092335,0.056757,0.192918,0.194869,0.085705,0.131578,0.134793,0.008607,0.095427,0.133927,0.598283,0.403365
Africa,2015,0.266783,0.207968,0.092925,0.053135,0.180600,0.197699,0.089712,0.140532,0.130192,0.008667,0.110261,0.136144,0.598283,0.403365
Africa,2016,0.229456,0.217189,0.094453,0.051515,0.162391,0.182281,0.085581,0.152368,0.140269,0.008863,0.079218,0.138379,0.598283,0.403365
Africa,2017,0.240342,0.208028,0.099529,0.059234,0.190741,0.187293,0.089849,0.158224,0.138955,0.008759,0.088977,0.140637,0.598283,0.403365
Africa,2018,0.274884,0.209210,0.114643,0.056346,0.204648,0.193353,0.086226,0.159287,0.148549,0.008950,0.124282,0.142693,0.598283,0.403365
Africa,2019,0.257826,0.210480,0.120472,0.057585,0.185210,0.196807,0.081885,0.161183,0.128363,0.008958,0.117781,0.144699,0.598283,0.403365
Africa,2020,0.238202,0.214423,0.117753,0.060839,0.194070,0.195308,0.084812,0.158296,0.126768,0.008768,0.090548,0.146722,0.598283,0.403365
Africa,2021,0.299657,0.209614,0.123803,0.063466,0.222419,0.199644,0.088013,0.165501,0.129036,0.008981,0.125005,0.148797,0.598283,0.403365
Africa,2022,0.254479,0.212559,0.124406,0.060434,0.173035,0.197748,0.091566,0.167037,0.130217,0.008926,0.105726,0.150882,0.598283,0.403365
Asia,1961,0.070196,0.163726,0.079355,0.030926,0.094806,0.132020,0.045474,0.130232,0.129570,0.004909,0.077698,0.151963,0.598283,0.403365
Asia,1962,0.079175,0.165529,0.080201,0.032173,0.101973,0.125146,0.050349,0.148327,0.133399,0.004927,0.083553,0.155192,0.598283,0.403365
Asia,1963,0.079967,0.180890,0.082785,0.033781,0.105997,0.118169,0.046742,0.135298,0.126339,0.005383,0.080522,0.158434,0.598283,0.403365
Asia,1964,0.079045,0.185594,0.082316,0.035898,0.114324,0.123062,0.047669,0.135346,0.137313,0.005496,0.079633,0.161629,0.598283,0.403365
Asia,1965,0.091403,0.179015,0.088322,0.035961,0.105453,0.133068,0.046655,0.150508,0.132106,0.005161,0.087765,0.164861,0.598283,0.403365
Asia,1966,0.090566,0.183251,0.090478,0.038841,0.139500,0.126982,0.041935,0.123121,0.138231,0.005678,0.083217,0.168045,0.598283,0.403365
Asia,1967,0.096894,0.191446,0.088691,0.042808,0.139359,0.126418,0.044054,0.118018,0.135465,0.005609,0.086298,0.171081,0.598283,0.403365
Asia,1968,0.101659,0.197183,0.086789,0.040377,0.137542,0.129983,0.042067,0.123340,0.145192,0.005885,0.085363,0.174124,0.598283,0.403365
Asia,1969,0.103041,0.199343,0.083413,0.040360,0.132794,0.140410,0.043481,0.123033,0.145205,0.006161,0.085325,0.177823,0.598283,0.403365
Asia,1970,0.104388,0.211358,0.086139,0.046159,0.154107,0.144395,0.048164,0.129270,0.151280,0.006730,0.078569,0.181145,0.598283,0.403365
Asia,1971,0.114902,0.209768,0.091112,0.045722,0.156634,0.145123,0.045766,0.141074,0.150293,0.006749,0.090678,0.184335,0.598283,0.403365
Asia,1972,0.121535,0.205662,0.080135,0.042964,0.125407,0.143602,0.044221,0.127701,0.149745,0.005216,0.091590,0.187801,0.598283,0.403365
Asia,1973,0.114137,0.217931,0.080502,0.048093,0.157873,0.168783,0.048107,0.126321,0.160676,0.007832,0.075856,0.191189,0.598283,0.403365
Asia,1974,0.119624,0.214567,0.087690,0.051029,0.148545,0.162112,0.045899,0.127886,0.164332,0.010028,0.084922,0.194458,0.598283,0.403365
Asia,1975,0.133070,0.223554,0.094111,0.053928,0.149899,0.156798,0.048277,0.137744,0.171728,0.010392,0.097522,0.197649,0.598283,0.403365
Asia,1976,0.144233,0.218653,0.099315,0.053506,0.146257,0.160188,0.047005,0.144671,0.180701,0.010153,0.107304,0.200697,0.598283,0.403365
Asia,1977,0.132383,0.230150,0.112739,0.053236,0.153837,0.174889,0.049094,0.129761,0.179214,0.009797,0.093874,0.203976,0.598283,0.403365
Asia,1978,0.147294,0.240873,0.117275,0.058130,0.154664,0.171242,0.049105,0.164077,0.188968,0.012566,0.107315,0.207293,0.598283,0.403365
Asia,1979,0.162960,0.237634,0.119640,0.060883,0.147994,0.159680,0.045068,0.163600,0.181461,0.014063,0.109569,0.210112,0.598283,0.403365
Asia,1980,0.151130,0.245933,0.126060,0.063204,0.155878,0.161377,0.047422,0.175318,0.189527,0.012358,0.102197,0.212882,0.598283,0.403365
Asia,1981,0.163266,0.253709,0.125991,0.062544,0.164812,0.155406,0.049049,0.176600,0.190698,0.013776,0.105075,0.215702,0.598283,0.403365
Asia,1982,0.177870,0.268232,0.120876,0.066259,0.153408,0.163462,0.051518,0.163059,0.198235,0.014712,0.103337,0.218400,0.598283,0.403365
Asia,1983,0.192492,0.283467,0.121558,0.072026,0.178167,0.167080,0.056502,0.163128,0.214017,0.013390,0.100480,0.221222,0.598283,0.403365
Asia,1984,0.201052,0.291036,0.127368,0.077463,0.180853,0.175625,0.055519,0.175378,0.203772,0.013437,0.108421,0.224403,0.598283,0.403365
Asia,1985,0.199833,0.292301,0.129603,0.071581,0.184801,0.170208,0.052292,0.153312,0.200492,0.014447,0.104097,0.227573,0.598283,0.403365
Asia,1986,0.214699,0.292084,0.145731,0.074427,0.184305,0.159380,0.051577,0.156125,0.194296,0.013781,0.107194,0.231019,0.598283,0.403365
Asia,1987,0.205181,0.295073,0.137980,0.077884,0.189893,0.168784,0.055115,0.155187,0.205862,0.014901,0.107617,0.234241,0.598283,0.403365
Asia,1988,0.210808,0.300296,0.118978,0.078581,0.194303,0.177021,0.060591,0.168921,0.209536,0.015734,0.127326,0.237412,0.598283,0.403365
Asia,1989,0.215374,0.311829,0.137366,0.080223,0.174222,0.174844,0.055105,0.139584,0.215800,0.015513,0.081749,0.240551,0.598283,0.403365
Asia,1990,0.223498,0.317787,0.141936,0.090204,0.193749,0.176931,0.060787,0.174357,0.207255,0.015092,0.105212,0.243591,0.598283,0.403365
Asia,1991,0.224270,0.318349,0.146416,0.091767,0.176575,0.173283,0.055793,0.157194,0.208074,0.012553,0.111512,0.246515,0.598283,0.403365
Asia,1992,0.220192,0.323676,0.151526,0.091865,0.182837,0.186583,0.062773,0.137696,0.212491,0.013516,0.108590,0.249590,0.598283,0.403365
Asia,1993,0.219278,0.325869,0.159791,0.098731,0.208049,0.201056,0.056852,0.156532,0.212129,0.013750,0.101709,0.252477,0.598283,0.403365
Asia,1994,0.211826,0.329811,0.177378,0.093906,0.209971,0.195160,0.057504,0.163064,0.208015,0.012214,0.106155,0.255611,0.598283,0.403365
Asia,1995,0.222762,0.329094,0.178009,0.098314,0.203399,0.193419,0.061390,0.152771,0.202721,0.013282,0.100285,0.258668,0.598283,0.403365
Asia,1996,0.226661,0.339378,0.167449,0.104719,0.211296,0.201084,0.059802,0.158090,0.208841,0.015102,0.110976,0.261965,0.598283,0.403365
Asia,1997,0.245235,0.342321,0.186902,0.092394,0.213656,0.211891,0.053670,0.158698,0.216286,0.014983,0.111615,0.266321,0.598283,0.403365
Asia,1998,0.235984,0.343619,0.199603,0.108487,0.214045,0.207819,0.058456,0.163448,0.219927,0.018871,0.115057,0.269490,0.598283,0.403365
Asia,1999,0.248436,0.348496,0.206521,0.103662,0.215802,0.190492,0.069891,0.141095,0.221407,0.010833,0.109725,0.272702,0.598283,0.403365
Asia,2000,0.243582,0.348199,0.192981,0.096911,0.192991,0.202520,0.069913,0.149920,0.232967,0.010986,0.106762,0.275561,0.598283,0.403365
Asia,2001,0.243828,0.353142,0.199724,0.101045,0.198114,0.200113,0.074259,0.142649,0.242394,0.013261,0.114261,0.278175,0.598283,0.403365
Asia,2002,0.245823,0.345376,0.197111,0.103706,0.208761,0.215538,0.060997,0.174049,0.241995,0.014767,0.128154,0.280866,0.598283,0.403365
Asia,2003,0.243176,0.354062,0.195833,0.104081,0.213603,0.212842,0.068367,0.167814,0.262764,0.013332,0.128042,0.283267,0.598283,0.403365
Asia,2004,0.251245,0.360324,0.203459,0.110093,0.207230,0.222544,0.060434,0.152597,0.273845,0.011767,0.126681,0.285789,0.598283,0.403365
Asia,2005,0.251705,0.367760,0.223769,0.113858,0.209464,0.213945,0.063325,0.148959,0.268130,0.011871,0.132332,0.288313,0.598283,0.403365
Asia,2006,0.265327,0.369346,0.232392,0.116503,0.200579,0.219590,0.066604,0.142433,0.294857,0.015520,0.136074,0.291281,0.598283,0.403365
Asia,2007,0.268602,0.378863,0.245254,0.116827,0.198844,0.211525,0.065768,0.135296,0.307953,0.014785,0.123065,0.293854,0.598283,0.403365
Asia,2008,0.264456,0.384527,0.253744,0.123621,0.201985,0.222629,0.071842,0.139751,0.309598,0.010581,0.112771,0.296500,0.598283,0.403365
Asia,2009,0.276207,0.387733,0.249261,0.119153,0.195885,0.215779,0.079519,0.141120,0.324108,0.009524,0.133275,0.299370,0.598283,0.403365
Asia,2010,0.267322,0.391221,0.257369,0.125329,0.225775,0.231657,0.070535,0.134671,0.308680,0.009451,0.124347,0.302117,0.598283,0.403365
Asia,2011,0.285974,0.401651,0.262143,0.131112,0.216460,0.244775,0.067981,0.168569,0.315956,0.007523,0.133292,0.304941,0.598283,0.403365
Asia,2012,0.286370,0.410187,0.260725,0.135223,0.225698,0.245277,0.074414,0.168025,0.337412,0.007315,0.129566,0.307736,0.598283,0.403365
Asia,2013,0.291914,0.408774,0.269569,0.138049,0.192317,0.253167,0.077630,0.167153,0.336359,0.007534,0.138846,0.310453,0.598283,0.403365
Asia,2014,0.296422,0.411532,0.305203,0.135703,0.189391,0.253700,0.065968,0.162936,0.349513,0.007650,0.125085,0.313434,0.598283,0.403365
Asia,2015,0.299115,0.414740,0.296183,0.140464,0.170800,0.256790,0.065847,0.162587,0.342894,0.006309,0.152364,0.316528,0.598283,0.403365
Asia,2016,0.306734,0.415250,0.294011,0.142826,0.211531,0.252467,0.061189,0.160633,0.340201,0.006990,0.145748,0.318815,0.598283,0.403365
Asia,2017,0.312624,0.420519,0.301608,0.144319,0.217208,0.261919,0.060159,0.173530,0.339795,0.006466,0.143929,0.321168,0.598283,0.403365
Asia,2018,0.315305,0.427350,0.303138,0.146407,0.212233,0.273326,0.060028,0.191080,0.337434,0.008495,0.138969,0.323396,0.598283,0.403365
Asia,2019,0.319692,0.430923,0.299658,0.151070,0.227131,0.295575,0.062045,0.195595,0.342633,0.008446,0.145546,0.325610,0.598283,0.403365
Asia,2020,0.320423,0.428483,0.300322,0.150951,0.207409,0.280947,0.061800,0.199584,0.345468,0.008555,0.139085,0.327661,0.598283,0.403365
Asia,2021,0.318973,0.434804,0.298019,0.151415,0.202664,0.254412,0.060340,0.196163,0.356958,0.008426,0.110840,0.329764,0.598283,0.403365
Asia,2022,0.329383,0.432299,0.303228,0.155494,0.220040,0.261219,0.059026,0.197901,0.355897,0.008272,0.143054,0.331946,0.598283,0.403365
Europe,1961,0.117162,0.362960,0.285179,0.059012,0.072752,0.165128,0.027351,0.149938,0.000000,0.000000,0.110723,0.106845,0.598283,0.403365
Europe,1962,0.123768,0.366949,0.253670,0.057675,0.085066,0.153814,0.023328,0.158543,0.000000,0.000000,0.123427,0.107930,0.598283,0.403365
Europe,1963,0.102465,0.350673,0.279902,0.056759,0.074214,0.169147,0.024484,0.110989,0.000000,0.000000,0.109312,0.108973,0.598283,0.403365
Europe,1964,0.126044,0.338605,0.296454,0.070513,0.048670,0.183370,0.024791,0.141187,0.000000,0.000000,0.124055,0.109925,0.598283,0.403365
Europe,1965,0.116305,0.301626,0.305406,0.065397,0.073652,0.173176,0.023181,0.135549,0.000000,0.000000,0.118116,0.110885,0.598283,0.403365
Europe,1966,0.150041,0.328763,0.311613,0.079134,0.103302,0.182843,0.034419,0.165451,0.000000,0.000000,0.133853,0.111889,0.598283,0.403365
Europe,1967,0.143056,0.351718,0.293576,0.075212,0.096384,0.195479,0.034465,0.165452,0.000000,0.000000,0.139945,0.112924,0.598283,0.403365
Europe,1968,0.156408,0.326865,0.299660,0.077892,0.093756,0.203563,0.031855,0.191828,0.000000,0.000000,0.145528,0.113974,0.598283,0.403365
Europe,1969,0.145803,0.353862,0.334300,0.086956,0.079507,0.186134,0.037994,0.205948,0.000000,0.000000,0.141835,0.114967,0.598283,0.403365
Europe,1970,0.162030,0.350943,0.301513,0.085789,0.108014,0.200293,0.038035,0.204175,0.000000,0.000000,0.147690,0.116040,0.598283,0.403365
Europe,1971,0.177233,0.351899,0.258081,0.090086,0.102240,0.189178,0.041857,0.179083,0.000000,0.000000,0.154422,0.116977,0.598283,0.403365
Europe,1972,0.176146,0.334881,0.237113,0.091883,0.066312,0.185338,0.037366,0.164931,0.000000,0.000000,0.140801,0.117893,0.598283,0.403365
Europe,1973,0.193192,0.367339,0.278854,0.100128,0.101695,0.213073,0.047060,0.183990,0.000000,0.000000,0.159417,0.118908,0.598283,0.403365
Europe,1974,0.181776,0.362075,0.249091,0.095480,0.098245,0.191159,0.041968,0.206193,0.000000,0.000000,0.158400,0.119905,0.598283,0.403365
Europe,1975,0.149061,0.380079,0.230353,0.101230,0.167801,0.184612,0.042615,0.138312,0.000000,0.000000,0.124990,0.120864,0.598283,0.403365
Europe,1976,0.191448,0.343018,0.214546,0.100275,0.124965,0.196531,0.040891,0.232534,0.000000,0.000000,0.158782,0.121851,0.598283,0.403365
Europe,1977,0.181677,0.331133,0.233728,0.108803,0.126547,0.198032,0.050728,0.195239,0.000000,0.000000,0.147287,0.122821,0.598283,0.403365
Europe,1978,0.218281,0.340126,0.222152,0.110449,0.136549,0.210416,0.053876,0.225299,0.000000,0.000000,0.170125,0.123797,0.598283,0.403365
Europe,1979,0.190488,0.377065,0.215761,0.118511,0.128452,0.220523,0.061821,0.122896,0.000000,0.000000,0.136088,0.124714,0.598283,0.403365
Europe,1980,0.204690,0.378274,0.290132,0.114536,0.126279,0.167639,0.052621,0.197238,0.000000,0.000000,0.152544,0.125709,0.598283,0.403365
Europe,1981,0.186783,0.367043,0.281535,0.112182,0.111733,0.196951,0.060729,0.118306,0.000000,0.000000,0.133485,0.126623,0.598283,0.403365
Europe,1982,0.204154,0.365727,0.257927,0.131813,0.137344,0.191604,0.068413,0.193277,0.000000,0.000000,0.156703,0.127459,0.598283,0.403365
Europe,1983,0.212620,0.370211,0.262561,0.124843,0.136258,0.191756,0.064087,0.196999,0.000000,0.000000,0.154359,0.128315,0.598283,0.403365
Europe,1984,0.231200,0.370879,0.259938,0.125576,0.152629,0.214943,0.065565,0.190701,0.000000,0.000000,0.168063,0.129249,0.598283,0.403365
Europe,1985,0.226097,0.378987,0.300544,0.125050,0.147540,0.208857,0.098117,0.211948,0.000000,0.000000,0.170860,0.130154,0.598283,0.403365
Europe,1986,0.248212,0.399356,0.357838,0.130023,0.226593,0.226539,0.099506,0.184759,0.000000,0.000000,0.170966,0.130985,0.598283,0.403365
Europe,1987,0.244655,0.376259,0.366977,0.121966,0.251261,0.215333,0.087407,0.242131,0.000000,0.000000,0.175678,0.131761,0.598283,0.403365
Europe,1988,0.252094,0.382610,0.349488,0.124488,0.241582,0.198001,0.089277,0.241531,0.000000,0.000000,0.166180,0.132491,0.598283,0.403365
Europe,1989,0.266675,0.359532,0.376503,0.127622,0.246832,0.210411,0.096633,0.267925,0.000000,0.000000,0.186351,0.133168,0.598283,0.403365
Europe,1990,0.288529,0.378656,0.397191,0.114276,0.264386,0.202601,0.091440,0.317858,0.000000,0.000000,0.199735,0.133854,0.598283,0.403365
Europe,1991,0.261502,0.371569,0.362562,0.143833,0.282678,0.191916,0.104793,0.236776,0.000000,0.000000,0.172460,0.134448,0.598283,0.403365
Europe,1992,0.299595,0.401258,0.365017,0.114137,0.210821,0.196487,0.121108,0.324065,0.000000,0.000000,0.191566,0.134770,0.598283,0.403365
Europe,1993,0.299632,0.380616,0.351835,0.121228,0.208154,0.222566,0.130296,0.348317,0.000000,0.000000,0.197847,0.134869,0.598283,0.403365
Europe,1994,0.292063,0.416767,0.346209,0.125242,0.229639,0.185070,0.117996,0.336879,0.000000,0.000000,0.184948,0.134879,0.598283,0.403365
Europe,1995,0.294876,0.435714,0.386569,0.133401,0.241360,0.198780,0.135952,0.264308,0.000000,0.000000,0.165393,0.134710,0.598283,0.403365
Europe,1996,0.298572,0.449357,0.349809,0.139850,0.247192,0.221768,0.125115,0.299787,0.000000,0.000000,0.194709,0.134816,0.598283,0.403365
Europe,1997,0.309296,0.463102,0.397816,0.158616,0.340738,0.202131,0.152318,0.355547,0.000000,0.000000,0.206876,0.134551,0.598283,0.403365
Europe,1998,0.317442,0.484651,0.380936,0.140355,0.295303,0.200298,0.129902,0.368561,0.000000,0.000000,0.210811,0.134156,0.598283,0.403365
Europe,1999,0.308095,0.482199,0.353563,0.156945,0.296703,0.194752,0.131304,0.361287,0.000000,0.000000,0.205870,0.133710,0.598283,0.403365
Europe,2000,0.311235,0.462292,0.381555,0.127875,0.261760,0.220207,0.123634,0.353682,0.000000,0.000000,0.213765,0.133129,0.598283,0.403365
Europe,2001,0.324243,0.487879,0.394499,0.153671,0.300333,0.209664,0.160419,0.368030,0.000000,0.000000,0.221803,0.132448,0.598283,0.403365
Europe,2002,0.329237,0.508280,0.387681,0.156191,0.302580,0.216542,0.160862,0.346345,0.000000,0.000000,0.220020,0.131724,0.598283,0.403365
Europe,2003,0.303715,0.493536,0.367964,0.127363,0.223498,0.218335,0.151753,0.311064,0.000000,0.000000,0.202047,0.131058,0.598283,0.403365
Europe,2004,0.361756,0.523011,0.378869,0.166923,0.262642,0.245545,0.169726,0.376349,0.000000,0.000000,0.234221,0.130356,0.598283,0.403365
Europe,2005,0.327580,0.511372,0.319094,0.169662,0.261882,0.238058,0.159174,0.321010,0.000000,0.000000,0.208157,0.129581,0.598283,0.403365
Europe,2006,0.324966,0.507430,0.321593,0.155052,0.231279,0.236850,0.135667,0.310378,0.000000,0.000000,0.209804,0.128828,0.598283,0.403365
Europe,2007,0.316626,0.525036,0.331722,0.138995,0.202572,0.253185,0.138489,0.247194,0.000000,0.000000,0.213064,0.128134,0.598283,0.403365
Europe,2008,0.377247,0.512180,0.355469,0.164973,0.237231,0.258165,0.173956,0.317352,0.000000,0.000000,0.253929,0.127465,0.598283,0.403365
Europe,2009,0.350736,0.560977,0.339542,0.165151,0.252320,0.262078,0.185893,0.286794,0.000000,0.000000,0.242355,0.126845,0.598283,0.403365
Europe,2010,0.338211,0.531137,0.379712,0.165834,0.257535,0.237003,0.171038,0.281819,0.000000,0.000000,0.227612,0.126395,0.598283,0.403365
Europe,2011,0.354251,0.532520,0.334418,0.181509,0.280870,0.282068,0.187669,0.274348,0.000000,0.000000,0.234063,0.125777,0.598283,0.403365
Europe,2012,0.333071,0.571024,0.356764,0.142969,0.230320,0.259804,0.178505,0.239921,0.000000,0.000000,0.227703,0.125509,0.598283,0.403365
Europe,2013,0.366237,0.546955,0.349676,0.172255,0.272738,0.267664,0.187886,0.253626,0.000000,0.000000,0.245134,0.125233,0.598283,0.403365
Europe,2014,0.397892,0.546048,0.352534,0.187519,0.286993,0.294526,0.227918,0.290398,0.000000,0.000000,0.259486,0.124944,0.598283,0.403365
Europe,2015,0.392568,0.570053,0.376463,0.158618,0.261070,0.279456,0.233201,0.318312,0.000000,0.000000,0.265143,0.124923,0.598283,0.403365
Europe,2016,0.377643,0.560261,0.397896,0.183432,0.308022,0.297056,0.228883,0.335868,0.000000,0.000000,0.262739,0.124935,0.598283,0.403365
Europe,2017,0.412596,0.567879,0.410877,0.173864,0.273848,0.316382,0.242014,0.365317,0.000000,0.000000,0.274363,0.124970,0.598283,0.403365
Europe,2018,0.374515,0.569933,0.317533,0.204783,0.315368,0.294124,0.183619,0.264523,0.000000,0.000000,0.249531,0.125069,0.598283,0.403365
Europe,2019,0.399850,0.569515,0.328852,0.196865,0.308133,0.303638,0.180385,0.311810,0.000000,0.000000,0.277444,0.125089,0.598283,0.403365
Europe,2020,0.388154,0.562077,0.282841,0.173761,0.295254,0.315920,0.204711,0.313739,0.000000,0.000000,0.278204,0.125171,0.598283,0.403365
Europe,2021,0.401478,0.549037,0.286055,0.195929,0.308514,0.314285,0.208482,0.324195,0.000000,0.000000,0.278843,0.125294,0.598283,0.403365
Europe,2022,0.422328,0.506086,0.269489,0.159319,0.292415,0.320681,0.204692,0.320185,0.000000,0.000000,0.293862,0.125454,0.598283,0.403365
North America,1961,0.125079,0.244428,0.137699,0.086246,0.249152,0.265682,0.070435,0.159617,0.071769,0.007428,0.102606,0.132873,0.598283,0.403365
North America,1962,0.148981,0.265016,0.136673,0.088509,0.240449,0.268366,0.063764,0.217530,0.072565,0.007595,0.126321,0.133811,0.598283,0.403365
North America,1963,0.162172,0.284534,0.135469,0.092135,0.241697,0.276089,0.067540,0.223299,0.072611,0.007715,0.130882,0.134725,0.598283,0.403365
North America,1964,0.151958,0.296578,0.136303,0.085116,0.225928,0.260768,0.062729,0.251253,0.073074,0.007014,0.130503,0.135571,0.598283,0.403365
North America,1965,0.161053,0.313521,0.141867,0.098118,0.243439,0.283153,0.059578,0.253661,0.074750,0.005824,0.148012,0.136396,0.598283,0.403365
North America,1966,0.170354,0.321825,0.156709,0.096231,0.251927,0.286827,0.066709,0.209004,0.075060,0.006232,0.145315,0.137111,0.598283,0.403365
North America,1967,0.151859,0.329703,0.162042,0.107220,0.243101,0.283314,0.067735,0.214440,0.076581,0.006106,0.134050,0.138046,0.598283,0.403365
North America,1968,0.167024,0.333217,0.177029,0.105122,0.265198,0.291839,0.067988,0.215150,0.076747,0.006496,0.150363,0.139103,0.598283,0.403365
North America,1969,0.186808,0.320436,0.180573,0.113399,0.270831,0.297272,0.073115,0.226976,0.077431,0.005963,0.156542,0.139964,0.598283,0.403365
North America,1970,0.192722,0.330380,0.182237,0.098088,0.264415,0.305531,0.071156,0.187369,0.078699,0.006207,0.156681,0.140796,0.598283,0.403365
North America,1971,0.203471,0.342477,0.188113,0.119268,0.272678,0.305530,0.065582,0.269333,0.077873,0.005972,0.165253,0.141630,0.598283,0.403365
North America,1972,0.192231,0.338864,0.195017,0.128214,0.275439,0.311949,0.073004,0.231063,0.080651,0.006983,0.159013,0.142480,0.598283,0.403365
North America,1973,0.189070,0.319148,0.205854,0.122628,0.275344,0.305627,0.071913,0.192006,0.076235,0.006462,0.149417,0.143244,0.598283,0.403365
North America,1974,0.167345,0.340527,0.199094,0.101053,0.234581,0.326440,0.083871,0.221648,0.071965,0.006647,0.133927,0.144033,0.598283,0.403365
North America,1975,0.189846,0.348412,0.180079,0.121411,0.285665,0.333616,0.074978,0.217419,0.074661,0.006964,0.155367,0.144845,0.598283,0.403365
North America,1976,0.195984,0.352547,0.188626,0.123246,0.257965,0.344608,0.077098,0.245908,0.075046,0.006551,0.167690,0.145634,0.598283,0.403365
North America,1977,0.193249,0.343375,0.200345,0.126207,0.302326,0.344197,0.067917,0.125009,0.084096,0.006494,0.169353,0.146405,0.598283,0.403365
North America,1978,0.197890,0.371686,0.211238,0.140587,0.289643,0.349674,0.080251,0.256437,0.074673,0.007973,0.176081,0.147069,0.598283,0.403365
North America,1979,0.199793,0.375695,0.213713,0.157289,0.317684,0.350329,0.092737,0.253587,0.076193,0.007291,0.171959,0.147667,0.598283,0.403365
North America,1980,0.199953,0.381694,0.202773,0.131330,0.263561,0.341776,0.089808,0.281136,0.067084,0.006707,0.175059,0.148347,0.598283,0.403365
North America,1981,0.211858,0.411054,0.202946,0.152728,0.299166,0.357701,0.093112,0.276957,0.072632,0.006489,0.183734,0.149084,0.598283,0.403365
North America,1982,0.221168,0.395954,0.221433,0.163628,0.311709,0.366126,0.089750,0.248634,0.072699,0.006684,0.199532,0.149753,0.598283,0.403365
North America,1983,0.227975,0.381980,0.215927,0.111840,0.259373,0.346162,0.079701,0.264092,0.072704,0.006801,0.178970,0.150452,0.598283,0.403365
North America,1984,0.218741,0.412391,0.234291,0.151420,0.279002,0.363684,0.080657,0.225145,0.080793,0.007272,0.179349,0.151107,0.598283,0.403365
North America,1985,0.217476,0.428181,0.229310,0.165104,0.336722,0.393777,0.077383,0.271905,0.076340,0.007982,0.186335,0.151725,0.598283,0.403365
North America,1986,0.218078,0.443259,0.215242,0.167463,0.329379,0.388037,0.082602,0.278157,0.072900,0.007340,0.200295,0.152315,0.598283,0.403365
North America,1987,0.221672,0.437866,0.231697,0.162458,0.335162,0.396178,0.084968,0.271394,0.073642,0.006420,0.195545,0.152915,0.598283,0.403365
North America,1988,0.182537,0.451212,0.231939,0.118826,0.268099,0.372499,0.070122,0.220026,0.072730,0.008061,0.158602,0.153520,0.598283,0.403365
North America,1989,0.198107,0.457239,0.235936,0.161719,0.320285,0.382627,0.080985,0.290034,0.070420,0.008702,0.176828,0.154096,0.598283,0.403365
North America,1990,0.240507,0.451384,0.255884,0.164628,0.337675,0.386737,0.090712,0.296918,0.071556,0.007542,0.207350,0.154684,0.598283,0.403365
North America,1991,0.218659,0.464972,0.252228,0.153736,0.338943,0.325710,0.098001,0.313512,0.076378,0.008050,0.198315,0.155197,0.598283,0.403365
North America,1992,0.234966,0.478559,0.256536,0.183415,0.370079,0.347400,0.084349,0.274980,0.078690,0.008058,0.214835,0.155724,0.598283,0.403365
North America,1993,0.233079,0.461714,0.243192,0.142508,0.324555,0.345455,0.086188,0.304553,0.071523,0.008832,0.218749,0.156195,0.598283,0.403365
North America,1994,0.230257,0.488674,0.244141,0.190189,0.407380,0.360271,0.090044,0.297439,0.072588,0.008399,0.205157,0.156723,0.598283,0.403365
North America,1995,0.224178,0.468824,0.248361,0.157475,0.350747,0.340586,0.091431,0.274864,0.072740,0.007577,0.209788,0.157121,0.598283,0.403365
North America,1996,0.231766,0.479388,0.277145,0.176419,0.371327,0.367699,0.090106,0.303319,0.072429,0.007536,0.220095,0.157573,0.598283,0.403365
North America,1997,0.238036,0.476211,0.249466,0.178168,0.384037,0.354951,0.092263,0.298035,0.064856,0.007408,0.205946,0.158040,0.598283,0.403365
North America,1998,0.256424,0.461843,0.245234,0.186873,0.385300,0.353626,0.088020,0.304792,0.071597,0.007658,0.211356,0.158579,0.598283,0.403365
North America,1999,0.264361,0.496631,0.238976,0.188685,0.363606,0.363942,0.099267,0.369795,0.081265,0.006192,0.223805,0.159171,0.598283,0.403365
North America,2000,0.257248,0.498184,0.238479,0.192054,0.376407,0.386076,0.095093,0.325896,0.084501,0.005264,0.213654,0.159689,0.598283,0.403365
North America,2001,0.233229,0.527534,0.246079,0.190849,0.385754,0.350405,0.090022,0.145777,0.090648,0.008184,0.193220,0.160125,0.598283,0.403365
North America,2002,0.211408,0.528988,0.266080,0.183355,0.374497,0.358752,0.103684,0.190903,0.107400,0.008049,0.174565,0.160513,0.598283,0.403365
North America,2003,0.259981,0.526382,0.261136,0.199854,0.334305,0.359163,0.100139,0.236000,0.104491,0.008607,0.203325,0.160946,0.598283,0.403365
North America,2004,0.266981,0.557411,0.268655,0.224022,0.415943,0.377572,0.091945,0.347518,0.093847,0.008217,0.237526,0.161314,0.598283,0.403365
North America,2005,0.265931,0.540158,0.283834,0.213308,0.424528,0.375554,0.103579,0.320754,0.086831,0.006396,0.227728,0.161726,0.598283,0.403365
North America,2006,0.249362,0.544889,0.276677,0.211333,0.423606,0.386853,0.105461,0.273612,0.089853,0.007469,0.213350,0.162114,0.598283,0.403365
North America,2007,0.248611,0.569586,0.265698,0.219339,0.409238,0.386475,0.100841,0.289019,0.095566,0.007566,0.200159,0.162506,0.598283,0.403365
North America,2008,0.282838,0.550522,0.258736,0.220568,0.393502,0.386102,0.104475,0.299351,0.095465,0.007868,0.233837,0.162906,0.598283,0.403365
North America,2009,0.279348,0.551678,0.255810,0.237138,0.432340,0.403136,0.108997,0.317164,0.094773,0.008655,0.238183,0.163247,0.598283,0.403365
North America,2010,0.288843,0.547454,0.264854,0.220397,0.429141,0.541469,0.102840,0.304503,0.093227,0.008519,0.234795,0.163614,0.598283,0.403365
North America,2011,0.281885,0.537727,0.262980,0.215125,0.414603,0.534351,0.099006,0.345106,0.100393,0.008140,0.234159,0.163940,0.598283,0.403365
North America,2012,0.289464,0.565991,0.299278,0.184842,0.397039,0.547542,0.107165,0.309853,0.106669,0.009368,0.219746,0.164281,0.598283,0.403365
North America,2013,0.315510,0.584927,0.310448,0.229334,0.433872,0.558210,0.101248,0.390945,0.106325,0.008931,0.260087,0.164574,0.598283,0.403365
North America,2014,0.284961,0.616649,0.312113,0.244916,0.464447,0.567106,0.102072,0.324632,0.097293,0.008644,0.239877,0.164973,0.598283,0.403365
North America,2015,0.277662,0.613403,0.309709,0.242732,0.469906,0.566746,0.098510,0.290732,0.099495,0.008995,0.244566,0.165324,0.598283,0.403365
North America,2016,0.337556,0.607484,0.315520,0.268081,0.507061,0.570534,0.100800,0.383478,0.095295,0.009140,0.274121,0.165718,0.598283,0.403365
North America,2017,0.306600,0.609005,0.315271,0.254520,0.478234,0.572047,0.106003,0.320782,0.096104,0.009799,0.258950,0.166145,0.598283,0.403365
North America,2018,0.306865,0.602325,0.323299,0.253624,0.494108,0.581533,0.102057,0.341185,0.093334,0.009720,0.252110,0.166522,0.598283,0.403365
North America,2019,0.326889,0.612604,0.296855,0.246046,0.462865,0.585805,0.103369,0.342641,0.096594,0.009165,0.266425,0.166964,0.598283,0.403365
North America,2020,0.324534,0.639149,0.310774,0.248645,0.500950,0.585751,0.109787,0.374157,0.098549,0.008654,0.269347,0.167413,0.598283,0.403365
North America,2021,0.266723,0.637261,0.315904,0.257015,0.506283,0.584716,0.101651,0.198890,0.100073,0.020517,0.177366,0.167861,0.598283,0.403365
North America,2022,0.310161,0.610155,0.328266,0.252108,0.487308,0.580281,0.105073,0.337463,0.097953,0.020069,0.262944,0.168305,0.598283,0.403365
Oceania,1961,0.108452,0.374732,0.092638,0.058571,0.098082,0.190043,0.055015,0.188087,0.156511,0.007024,0.072254,0.018748,0.598283,0.403365
Oceania,1962,0.119139,0.427131,0.090665,0.060934,0.113846,0.206277,0.109537,0.176660,0.162560,0.008313,0.080745,0.019061,0.598283,0.403365
Oceania,1963,0.127249,0.412333,0.094341,0.062726,0.087951,0.208802,0.051285,0.213417,0.162538,0.009073,0.089250,0.019406,0.598283,0.403365
Oceania,1964,0.131791,0.419767,0.093493,0.056434,0.065779,0.201468,0.059134,0.227559,0.162053,0.006711,0.100560,0.019762,0.598283,0.403365
Oceania,1965,0.095770,0.455777,0.094133,0.059551,0.089059,0.218379,0.020176,0.161083,0.162717,0.009186,0.076821,0.020118,0.598283,0.403365
Oceania,1966,0.143144,0.510302,0.095764,0.047155,0.056756,0.235376,0.046659,0.190859,0.161599,0.009129,0.101647,0.020462,0.598283,0.403365
Oceania,1967,0.080659,0.532923,0.102856,0.066470,0.097621,0.240287,0.060200,0.179788,0.163792,0.008677,0.062229,0.020901,0.598283,0.403365
Oceania,1968,0.130261,0.534390,0.102914,0.067223,0.080605,0.240222,0.020783,0.226544,0.162187,0.008357,0.093418,0.021270,0.598283,0.403365
Oceania,1969,0.107284,0.562158,0.103063,0.073015,0.122310,0.263564,0.047855,0.224946,0.164444,0.008950,0.085661,0.021602,0.598283,0.403365
Oceania,1970,0.116373,0.462310,0.102636,0.076596,0.148931,0.262758,0.024034,0.202673,0.168228,0.008649,0.086331,0.021913,0.598283,0.403365
Oceania,1971,0.115718,0.552860,0.101104,0.086273,0.184899,0.287934,0.076984,0.214962,0.194713,0.009499,0.089293,0.022211,0.598283,0.403365
Oceania,1972,0.084842,0.469777,0.100604,0.095385,0.274578,0.290735,0.018823,0.225439,0.184310,0.008887,0.064829,0.022529,0.598283,0.403365
Oceania,1973,0.127975,0.534981,0.097341,0.095341,0.199601,0.287406,0.055893,0.273116,0.176441,0.006858,0.095788,0.022786,0.598283,0.403365
Oceania,1974,0.129521,0.489132,0.110088,0.089245,0.226804,0.268846,0.087207,0.263064,0.164530,0.008518,0.101299,0.023078,0.598283,0.403365
Oceania,1975,0.132368,0.418348,0.103757,0.108149,0.236793,0.273976,0.079528,0.231293,0.163097,0.008477,0.099414,0.023438,0.598283,0.403365
Oceania,1976,0.126107,0.454766,0.111713,0.116001,0.249709,0.288981,0.071879,0.263704,0.164974,0.007686,0.091522,0.023822,0.598283,0.403365
Oceania,1977,0.090694,0.471767,0.111470,0.116030,0.235265,0.299303,0.079030,0.173989,0.167371,0.006699,0.064877,0.024209,0.598283,0.403365
Oceania,1978,0.166984,0.438869,0.111609,0.114585,0.225637,0.292426,0.103439,0.258014,0.163648,0.006599,0.104963,0.024482,0.598283,0.403365
Oceania,1979,0.137469,0.517634,0.111091,0.127693,0.270853,0.310380,0.035568,0.234514,0.164292,0.006691,0.108926,0.024796,0.598283,0.403365
Oceania,1980,0.092032,0.439609,0.116120,0.111232,0.213518,0.317854,0.064656,0.231867,0.165550,0.007224,0.081258,0.025160,0.598283,0.403365
Oceania,1981,0.130712,0.589000,0.109750,0.116701,0.272114,0.325798,0.100530,0.218174,0.165675,0.007171,0.095036,0.025399,0.598283,0.403365
Oceania,1982,0.074143,0.559301,0.114341,0.126823,0.279965,0.338432,0.022617,0.278071,0.167376,0.006079,0.063500,0.025666,0.598283,0.403365
Oceania,1983,0.160901,0.542217,0.113581,0.092124,0.162444,0.317790,0.065299,0.254397,0.169357,0.006536,0.115357,0.025903,0.598283,0.403365
Oceania,1984,0.146479,0.442487,0.112816,0.120967,0.271305,0.363186,0.061962,0.207646,0.165714,0.007887,0.118166,0.026081,0.598283,0.403365
Oceania,1985,0.130067,0.582113,0.112870,0.103881,0.256314,0.350166,0.045935,0.191827,0.165320,0.007997,0.112893,0.026368,0.598283,0.403365
Oceania,1986,0.137766,0.526467,0.104329,0.120083,0.218124,0.365251,0.041058,0.236387,0.165756,0.006931,0.119574,0.026560,0.598283,0.403365
Oceania,1987,0.130213,0.465498,0.116615,0.131733,0.242737,0.371307,0.058754,0.172455,0.168104,0.006688,0.109731,0.026679,0.598283,0.403365
Oceania,1988,0.149321,0.586975,0.125525,0.126987,0.233459,0.366403,0.053831,0.171520,0.169666,0.007208,0.111367,0.026790,0.598283,0.403365
Oceania,1989,0.148769,0.667846,0.135754,0.140075,0.269461,0.374260,0.058208,0.174819,0.171539,0.008999,0.128343,0.026899,0.598283,0.403365
Oceania,1990,0.154476,0.712142,0.135568,0.142893,0.231250,0.390973,0.055867,0.156082,0.154152,0.007961,0.125518,0.027053,0.598283,0.403365
Oceania,1991,0.154419,0.705990,0.132496,0.146909,0.228787,0.390109,0.069123,0.168446,0.177634,0.007781,0.124551,0.027194,0.598283,0.403365
Oceania,1992,0.139538,0.730866,0.135613,0.163059,0.311031,0.392626,0.049784,0.183238,0.176686,0.007599,0.125415,0.027312,0.598283,0.403365
Oceania,1993,0.168624,0.638105,0.139375,0.142899,0.237863,0.424586,0.114252,0.206900,0.169958,0.007637,0.134369,0.027481,0.598283,0.403365
Oceania,1994,0.185986,0.686877,0.139655,0.155297,0.294237,0.425568,0.053573,0.087289,0.180551,0.007194,0.141802,0.027614,0.598283,0.403365
Oceania,1995,0.108648,0.744121,0.136955,0.159094,0.225371,0.438451,0.056204,0.204613,0.183981,0.007389,0.089571,0.027775,0.598283,0.403365
Oceania,1996,0.169668,0.538082,0.136749,0.187872,0.275705,0.448910,0.094089,0.199101,0.189464,0.007342,0.136606,0.027886,0.598283,0.403365
Oceania,1997,0.204836,0.706260,0.131826,0.182359,0.279158,0.448261,0.083728,0.133792,0.168569,0.008123,0.145065,0.027987,0.598283,0.403365
Oceania,1998,0.174496,0.786134,0.132785,0.159327,0.250621,0.436111,0.097724,0.130460,0.182558,0.006011,0.133944,0.028186,0.598283,0.403365
Oceania,1999,0.176109,0.781282,0.130914,0.166560,0.333480,0.452651,0.089994,0.169211,0.182591,0.006752,0.137205,0.028395,0.598283,0.403365
Oceania,2000,0.189767,0.704270,0.131510,0.156455,0.275332,0.415988,0.111056,0.174075,0.180327,0.008651,0.142119,0.028646,0.598283,0.403365
Oceania,2001,0.172809,0.797391,0.146303,0.152435,0.215183,0.467691,0.105474,0.219243,0.174906,0.007817,0.141766,0.028999,0.598283,0.403365
Oceania,2002,0.199295,0.706473,0.138920,0.157477,0.286705,0.493076,0.078884,0.074237,0.178375,0.007785,0.161924,0.029225,0.598283,0.403365
Oceania,2003,0.087370,0.752369,0.136595,0.197398,0.217161,0.492325,0.194075,0.199261,0.170273,0.007978,0.075828,0.029409,0.598283,0.403365
Oceania,2004,0.188737,0.681482,0.135088,0.184626,0.325673,0.505936,0.171888,0.105538,0.183421,0.007426,0.164757,0.029647,0.598283,0.403365
Oceania,2005,0.155021,0.533479,0.136634,0.181586,0.247313,0.488317,0.130686,0.228188,0.178385,0.007985,0.120380,0.029672,0.598283,0.403365
Oceania,2006,0.190868,0.823303,0.130684,0.175684,0.308850,0.491306,0.128016,0.057913,0.170711,0.007827,0.154044,0.029831,0.598283,0.403365
Oceania,2007,0.088417,0.598454,0.131614,0.169614,0.290270,0.504406,0.064215,0.135294,0.159501,0.007582,0.076584,0.030028,0.598283,0.403365
Oceania,2008,0.103338,0.322754,0.129420,0.180907,0.342630,0.525644,0.100674,0.117792,0.157170,0.007306,0.107059,0.030215,0.598283,0.403365
Oceania,2009,0.150601,0.520963,0.132804,0.188208,0.278442,0.516039,0.092220,0.180023,0.163568,0.007633,0.116374,0.030348,0.598283,0.403365
Oceania,2010,0.149862,0.788767,0.143735,0.177749,0.280146,0.506039,0.075137,0.182903,0.167771,0.007678,0.128401,0.030521,0.598283,0.403365
Oceania,2011,0.192216,0.806366,0.139371,0.186245,0.252113,0.507552,0.080559,0.201219,0.167787,0.007582,0.156920,0.030826,0.598283,0.403365
Oceania,2012,0.204138,0.764795,0.149772,0.196599,0.332476,0.537745,0.091707,0.165348,0.164447,0.007478,0.160856,0.031097,0.598283,0.403365
Oceania,2013,0.167669,0.877463,0.156054,0.192890,0.328612,0.540319,0.091033,0.203561,0.163422,0.007489,0.149618,0.031204,0.598283,0.403365
Oceania,2014,0.190401,0.915210,0.155766,0.222627,0.188690,0.550630,0.090233,0.204991,0.161827,0.007538,0.173844,0.031327,0.598283,0.403365
Oceania,2015,0.182153,0.836891,0.149354,0.239312,0.272884,0.548790,0.089946,0.179104,0.196917,0.006094,0.154136,0.031408,0.598283,0.403365
Oceania,2016,0.188057,0.802636,0.151710,0.225287,0.208085,0.562385,0.094207,0.130642,0.192241,0.007558,0.158107,0.031485,0.598283,0.403365
Oceania,2017,0.246946,0.828569,0.166184,0.191312,0.276751,0.547731,0.115492,0.259040,0.193268,0.007440,0.198978,0.031632,0.598283,0.403365
Oceania,2018,0.182273,0.869437,0.161119,0.217729,0.132582,0.557780,0.129221,0.159641,0.194256,0.007316,0.161976,0.031744,0.598283,0.403365
Oceania,2019,0.161470,0.592160,0.157553,0.183674,0.166221,0.537016,0.144780,0.108727,0.195595,0.007320,0.143996,0.031721,0.598283,0.403365
Oceania,2020,0.141279,0.594560,0.161861,0.223572,0.260729,0.561711,0.158915,0.128886,0.187728,0.007305,0.144622,0.031636,0.598283,0.403365
Oceania,2021,0.238994,0.776438,0.157591,0.211131,0.252773,0.564741,0.220594,0.228658,0.191702,0.007337,0.190142,0.031557,0.598283,0.403365
Oceania,2022,0.268940,0.920663,0.155399,0.235785,0.330019,0.582031,0.181711,0.200427,0.185532,0.007334,0.201075,0.031513,0.598283,0.403365
South America,1961,0.106473,0.160738,0.166604,0.037358,0.168578,0.095294,0.067772,0.112683,0.200282,0.005410,0.074444,0.067850,0.598283,0.403365
South America,1962,0.126111,0.158640,0.166689,0.037902,0.164130,0.090502,0.063724,0.117425,0.204613,0.005171,0.070181,0.069605,0.598283,0.403365
South America,1963,0.129282,0.148031,0.161305,0.036593,0.146359,0.089073,0.065433,0.110448,0.209298,0.005238,0.087215,0.071333,0.598283,0.403365
South America,1964,0.153373,0.146674,0.164233,0.035219,0.138119,0.094017,0.062544,0.104003,0.215296,0.005632,0.085731,0.073128,0.598283,0.403365
South America,1965,0.116667,0.155387,0.153210,0.037982,0.183881,0.104438,0.069525,0.115901,0.216491,0.005562,0.069862,0.074843,0.598283,0.403365
South America,1966,0.111392,0.142902,0.145555,0.040074,0.181775,0.096555,0.064610,0.114000,0.212225,0.006534,0.068334,0.076547,0.598283,0.403365
South America,1967,0.113781,0.155056,0.149604,0.043040,0.177836,0.101763,0.069806,0.106719,0.217547,0.006999,0.074174,0.078241,0.598283,0.403365
South America,1968,0.096080,0.147325,0.155910,0.039144,0.148057,0.105189,0.065106,0.088126,0.221007,0.006640,0.071267,0.079900,0.598283,0.403365
South America,1969,0.119256,0.142849,0.167276,0.038911,0.181126,0.106864,0.060091,0.097817,0.224892,0.007078,0.076238,0.081535,0.598283,0.403365
South America,1970,0.117133,0.154355,0.168990,0.044492,0.174587,0.111539,0.063636,0.098186,0.223636,0.006804,0.070352,0.083414,0.598283,0.403365
South America,1971,0.110867,0.145137,0.172098,0.043170,0.182684,0.115926,0.068105,0.100163,0.219060,0.007785,0.073931,0.085140,0.598283,0.403365
South America,1972,0.116209,0.155551,0.186069,0.040115,0.215626,0.103384,0.067422,0.101489,0.217434,0.007945,0.087162,0.086870,0.598283,0.403365
South America,1973,0.134398,0.157560,0.141925,0.046278,0.207118,0.110287,0.059692,0.100689,0.193630,0.007416,0.086001,0.088603,0.598283,0.403365
South America,1974,0.123834,0.160688,0.149559,0.048530,0.225043,0.124949,0.054754,0.099386,0.191589,0.008145,0.079398,0.090385,0.598283,0.403365
South America,1975,0.117419,0.161950,0.161268,0.045640,0.246664,0.117199,0.056995,0.101542,0.196796,0.009280,0.078795,0.092217,0.598283,0.403365
South America,1976,0.130138,0.153349,0.172770,0.045195,0.255440,0.120882,0.049612,0.116148,0.188883,0.008316,0.090184,0.094169,0.598283,0.403365
South America,1977,0.102719,0.161685,0.156634,0.050461,0.263906,0.125824,0.053640,0.108031,0.186620,0.008737,0.074942,0.096101,0.598283,0.403365
South America,1978,0.133699,0.149837,0.162103,0.044697,0.198412,0.124391,0.051232,0.109846,0.187148,0.008729,0.094208,0.098031,0.598283,0.403365
South America,1979,0.122553,0.159828,0.156701,0.047272,0.208820,0.125808,0.056390,0.096814,0.185700,0.010037,0.087271,0.099959,0.598283,0.403365
South America,1980,0.123300,0.167634,0.160274,0.050539,0.250039,0.123764,0.045797,0.104241,0.186399,0.009674,0.085198,0.101952,0.598283,0.403365
South America,1981,0.125570,0.157463,0.155123,0.059610,0.266539,0.141162,0.051382,0.100556,0.185319,0.009577,0.080764,0.103872,0.598283,0.403365
South America,1982,0.153867,0.179533,0.154549,0.052951,0.244405,0.140257,0.053442,0.099663,0.181189,0.009786,0.081114,0.105805,0.598283,0.403365
South America,1983,0.157446,0.172019,0.146181,0.053684,0.260065,0.140415,0.044817,0.106875,0.171936,0.008826,0.086190,0.107707,0.598283,0.403365
South America,1984,0.186703,0.188164,0.152605,0.054642,0.266593,0.153541,0.052987,0.100050,0.188175,0.008549,0.096416,0.109805,0.598283,0.403365
South America,1985,0.152700,0.203953,0.149249,0.059671,0.269684,0.151730,0.052127,0.116619,0.195273,0.010554,0.093427,0.111617,0.598283,0.403365
South America,1986,0.157421,0.194073,0.145572,0.055168,0.240691,0.144872,0.044985,0.124806,0.195688,0.009967,0.097639,0.113435,0.598283,0.403365
South America,1987,0.176632,0.191409,0.140174,0.057872,0.275754,0.150386,0.042598,0.136757,0.193713,0.007560,0.109781,0.115245,0.598283,0.403365
South America,1988,0.171524,0.208868,0.140539,0.057428,0.275470,0.165864,0.052382,0.140569,0.197409,0.008462,0.113092,0.117006,0.598283,0.403365
South America,1989,0.176351,0.224743,0.140657,0.057497,0.278128,0.161925,0.048331,0.129952,0.200327,0.008735,0.122192,0.118814,0.598283,0.403365
South America,1990,0.160976,0.214360,0.144668,0.055448,0.274466,0.159121,0.052815,0.092780,0.196822,0.006784,0.110415,0.120651,0.598283,0.403365
South America,1991,0.171446,0.236868,0.145790,0.056382,0.264654,0.156982,0.055464,0.127225,0.198361,0.007810,0.116095,0.122585,0.598283,0.403365
South America,1992,0.188507,0.229842,0.145828,0.068546,0.309963,0.157305,0.058599,0.125035,0.188977,0.007437,0.133065,0.124578,0.598283,0.403365
South America,1993,0.199570,0.244600,0.147002,0.074050,0.318013,0.163279,0.066986,0.124455,0.190313,0.007492,0.113439,0.126603,0.598283,0.403365
South America,1994,0.186660,0.255504,0.153577,0.069879,0.314904,0.170964,0.064597,0.142833,0.204322,0.007498,0.119185,0.128947,0.598283,0.403365
South America,1995,0.196667,0.268919,0.150297,0.076029,0.319753,0.175578,0.063073,0.139395,0.204098,0.006829,0.116048,0.131226,0.598283,0.403365
South America,1996,0.185374,0.290056,0.144671,0.072629,0.326138,0.171691,0.061264,0.149163,0.186395,0.006737,0.127545,0.133341,0.598283,0.403365
South America,1997,0.203441,0.304146,0.145505,0.079311,0.312144,0.182618,0.068382,0.151085,0.198726,0.006766,0.138104,0.135558,0.598283,0.403365
South America,1998,0.227161,0.283552,0.147729,0.091765,0.362165,0.182765,0.071122,0.161040,0.194406,0.006322,0.133676,0.137958,0.598283,0.403365
South America,1999,0.206865,0.322729,0.163699,0.084123,0.351112,0.187193,0.071808,0.141032,0.201834,0.006191,0.123996,0.140304,0.598283,0.403365
South America,2000,0.220762,0.318847,0.143117,0.085806,0.348632,0.179155,0.073854,0.146157,0.207236,0.004934,0.138576,0.142457,0.598283,0.403365
South America,2001,0.224011,0.337484,0.159775,0.097415,0.387491,0.194944,0.075164,0.159711,0.210357,0.004956,0.109701,0.144602,0.598283,0.403365
South America,2002,0.198180,0.342477,0.160580,0.093098,0.377639,0.193732,0.076700,0.165093,0.218235,0.005128,0.119404,0.147025,0.598283,0.403365
South America,2003,0.206536,0.341524,0.169494,0.107637,0.410746,0.198912,0.082987,0.170089,0.214309,0.005643,0.164887,0.150297,0.598283,0.403365
South America,2004,0.229843,0.358100,0.167108,0.100545,0.328699,0.198002,0.077590,0.167014,0.219872,0.005958,0.170345,0.153138,0.598283,0.403365
South America,2005,0.234454,0.345398,0.169954,0.101432,0.350273,0.198298,0.083300,0.162749,0.215818,0.006113,0.155367,0.155783,0.598283,0.403365
South America,2006,0.219197,0.388750,0.172123,0.099448,0.358606,0.203434,0.089203,0.164981,0.219874,0.006073,0.190823,0.158298,0.598283,0.403365
South America,2007,0.237913,0.385107,0.173166,0.114432,0.415188,0.203719,0.087237,0.168894,0.220551,0.005948,0.176254,0.160631,0.598283,0.403365
South America,2008,0.255524,0.415126,0.178868,0.116632,0.406794,0.209153,0.094278,0.175377,0.216867,0.006056,0.176641,0.162829,0.598283,0.403365
South America,2009,0.197046,0.420959,0.193967,0.103511,0.328578,0.205096,0.087441,0.172444,0.213608,0.006636,0.169246,0.164955,0.598283,0.403365
South America,2010,0.265178,0.393204,0.182436,0.128988,0.422293,0.209217,0.095022,0.195861,0.214960,0.007089,0.232913,0.166979,0.598283,0.403365
South America,2011,0.298403,0.443354,0.183864,0.120875,0.418261,0.220956,0.095823,0.192631,0.222635,0.007463,0.228955,0.169020,0.598283,0.403365
South America,2012,0.276323,0.441034,0.178034,0.131772,0.355158,0.220045,0.102636,0.205166,0.203397,0.007088,0.195599,0.171181,0.598283,0.403365
South America,2013,0.252745,0.446876,0.171012,0.142756,0.406739,0.218943,0.100514,0.192306,0.215370,0.007055,0.239683,0.173149,0.598283,0.403365
South America,2014,0.233295,0.460901,0.180088,0.143908,0.412698,0.230294,0.104603,0.207598,0.229471,0.007845,0.205584,0.175080,0.598283,0.403365
South America,2015,0.245903,0.493729,0.183959,0.155211,0.443221,0.231440,0.110334,0.205952,0.229200,0.008031,0.198903,0.176907,0.598283,0.403365
South America,2016,0.279997,0.473184,0.179305,0.135787,0.426610,0.240247,0.099764,0.202139,0.229521,0.007157,0.257364,0.178686,0.598283,0.403365
South America,2017,0.281529,0.497464,0.180422,0.161300,0.479826,0.249993,0.106845,0.314515,0.229649,0.009110,0.256076,0.180457,0.598283,0.403365
South America,2018,0.279608,0.513157,0.187692,0.142614,0.440720,0.252550,0.104276,0.212409,0.229155,0.009585,0.258667,0.182181,0.598283,0.403365
South America,2019,0.289393,0.501866,0.183298,0.167036,0.463252,0.260019,0.111877,0.231197,0.231420,0.010280,0.229531,0.183922,0.598283,0.403365
South America,2020,0.269597,0.524221,0.180508,0.164183,0.458473,0.260471,0.115096,0.256834,0.233916,0.010087,0.226780,0.185720,0.598283,0.403365
South America,2021,0.264711,0.538794,0.186470,0.145028,0.469520,0.260908,0.115850,0.242799,0.233971,0.009946,0.268047,0.187585,0.598283,0.403365
South America,2022,0.308608,0.520596,0.181600,0.149408,0.405495,0.257410,0.110330,0.285911,0.227229,0.010499,0.264135,0.189295,0.598283,0.403365
World,1961,0.102074,0.164680,0.099494,0.052835,0.166059,0.162230,0.049107,0.135826,0.118740,0.005006,0.093357,0.528997,0.523775,0.394845
World,1962,0.113052,0.167015,0.099646,0.053849,0.167486,0.151876,0.049744,0.152870,0.121014,0.005047,0.107218,0.537755,0.515374,0.391282
World,1963,0.106115,0.181189,0.101105,0.055250,0.170090,0.163040,0.048828,0.120428,0.122003,0.005268,0.100414,0.546386,0.520506,0.395613
World,1964,0.116361,0.185224,0.103372,0.054233,0.166588,0.174010,0.048798,0.139595,0.126759,0.006316,0.109031,0.554872,0.491100,0.396495
World,1965,0.113905,0.179304,0.104546,0.057769,0.180653,0.168191,0.049216,0.141982,0.127263,0.004975,0.108799,0.563239,0.499692,0.396083
World,1966,0.131978,0.183075,0.104346,0.060057,0.201898,0.174245,0.049784,0.144299,0.127661,0.006129,0.116222,0.571411,0.510538,0.396290
World,1967,0.125538,0.191603,0.106623,0.065927,0.198529,0.183823,0.051984,0.140865,0.128623,0.006121,0.119174,0.579825,0.512353,0.399158
World,1968,0.136243,0.196703,0.109236,0.062276,0.211049,0.190264,0.049923,0.154447,0.133166,0.005679,0.126034,0.588256,0.503711,0.398439
World,1969,0.132868,0.198571,0.110109,0.065845,0.213668,0.178830,0.051019,0.163074,0.133883,0.006190,0.125261,0.597046,0.521923,0.399526
World,1970,0.140058,0.209742,0.108272,0.063949,0.217743,0.190545,0.053876,0.163493,0.136086,0.006580,0.126906,0.605856,0.518428,0.396909
World,1971,0.152282,0.208077,0.113218,0.072178,0.223466,0.182148,0.053896,0.160981,0.134120,0.006885,0.136338,0.614042,0.496940,0.395758
World,1972,0.150417,0.204782,0.110116,0.073084,0.219156,0.178089,0.053826,0.147593,0.135057,0.006530,0.128122,0.622490,0.515717,0.401969
World,1973,0.157822,0.216050,0.104294,0.074036,0.233206,0.203035,0.054304,0.156569,0.131024,0.006036,0.136163,0.630819,0.530063,0.402284
World,1974,0.151438,0.213644,0.107252,0.069542,0.207136,0.187627,0.053159,0.170543,0.130980,0.006575,0.137238,0.639045,0.491776,0.397923
World,1975,0.147183,0.221882,0.108367,0.076525,0.243843,0.180922,0.054673,0.136649,0.137884,0.006654,0.119329,0.647345,0.495236,0.396274
World,1976,0.167899,0.215917,0.112877,0.077175,0.227203,0.190074,0.052632,0.190016,0.141834,0.005893,0.144499,0.655612,0.485700,0.393940
World,1977,0.156772,0.226568,0.116838,0.080703,0.258364,0.194647,0.054245,0.161469,0.143293,0.006084,0.134061,0.664160,0.525366,0.395833
World,1978,0.181182,0.236479,0.120256,0.085839,0.239282,0.201895,0.055270,0.196061,0.145038,0.006065,0.152919,0.672436,0.517190,0.395169
World,1979,0.173627,0.234259,0.120906,0.092071,0.257349,0.205787,0.054862,0.138157,0.144437,0.006658,0.130167,0.680177,0.538761,0.396268
World,1980,0.173927,0.242109,0.121861,0.085779,0.235413,0.170000,0.053528,0.185884,0.146361,0.006549,0.140415,0.688138,0.556968,0.401703
World,1981,0.176233,0.249068,0.123731,0.095025,0.258026,0.189277,0.057540,0.136384,0.148473,0.006651,0.128951,0.695819,0.561601,0.399524
World,1982,0.187407,0.262565,0.121556,0.098172,0.258732,0.187860,0.058277,0.179993,0.147791,0.006417,0.145708,0.703327,0.533952,0.399479
World,1983,0.199274,0.276334,0.119321,0.080116,0.238355,0.188059,0.058556,0.184014,0.149623,0.006400,0.141280,0.710950,0.560988,0.400549
World,1984,0.208114,0.284210,0.122982,0.095904,0.252214,0.206935,0.059253,0.182115,0.151199,0.007056,0.151661,0.719101,0.531487,0.397576
World,1985,0.203596,0.286933,0.123323,0.101197,0.280462,0.202948,0.058416,0.192389,0.157490,0.007416,0.153172,0.726978,0.525886,0.396632
World,1986,0.217601,0.285796,0.127611,0.098686,0.267750,0.210021,0.056843,0.177969,0.154416,0.007502,0.157298,0.734915,0.538201,0.397360
World,1987,0.214667,0.287646,0.127375,0.094835,0.280300,0.206440,0.058556,0.214864,0.156230,0.007242,0.157854,0.742589,0.559761,0.398404
World,1988,0.214910,0.293328,0.115990,0.084329,0.250802,0.197023,0.061523,0.216218,0.158566,0.008424,0.152224,0.750010,0.564221,0.398108
World,1989,0.222466,0.304296,0.121156,0.098433,0.269060,0.203904,0.059243,0.229200,0.159676,0.008899,0.156659,0.757441,0.547802,0.393116
World,1990,0.240220,0.310860,0.125294,0.100487,0.278917,0.200694,0.065784,0.266849,0.160659,0.008225,0.169529,0.764955,0.579909,0.395406
World,1991,0.228859,0.311600,0.126070,0.100640,0.275489,0.191465,0.064450,0.214236,0.157612,0.008288,0.156764,0.772464,0.572311,0.392980
World,1992,0.237539,0.316093,0.128875,0.106259,0.298808,0.198941,0.066223,0.261168,0.156398,0.008687,0.158479,0.779981,0.540113,0.390857
World,1993,0.237821,0.318559,0.135877,0.098760,0.284846,0.217886,0.065555,0.279762,0.157963,0.008749,0.160651,0.787092,0.546469,0.391550
World,1994,0.232262,0.322533,0.146541,0.111855,0.321098,0.197228,0.064938,0.261475,0.157187,0.008615,0.158346,0.794879,0.551508,0.392432
World,1995,0.233959,0.322489,0.146015,0.103643,0.298838,0.203472,0.067348,0.224608,0.158119,0.008463,0.143775,0.802170,0.576172,0.395432
World,1996,0.240352,0.333501,0.141188,0.114417,0.313609,0.219126,0.065088,0.237758,0.156490,0.009044,0.165733,0.809829,0.558141,0.397263
World,1997,0.254572,0.336417,0.141243,0.112921,0.317272,0.212641,0.063544,0.261377,0.161913,0.008712,0.172319,0.818280,0.575097,0.399385
World,1998,0.253691,0.336346,0.141813,0.120655,0.331941,0.210696,0.067089,0.265383,0.157978,0.009198,0.170021,0.825899,0.601268,0.405725
World,1999,0.257431,0.343517,0.150928,0.120383,0.322216,0.200673,0.074447,0.257692,0.161119,0.008057,0.168664,0.833389,0.563965,0.397745
World,2000,0.256063,0.342742,0.141039,0.117611,0.319376,0.215401,0.073581,0.248995,0.166386,0.008149,0.172502,0.840187,0.563262,0.404060
World,2001,0.257009,0.348142,0.147626,0.121800,0.339282,0.208664,0.075801,0.209699,0.171251,0.008375,0.177056,0.846637,0.585461,0.403531
World,2002,0.258266,0.340469,0.150713,0.119433,0.337281,0.218588,0.071649,0.223700,0.173238,0.008738,0.179819,0.853325,0.598875,0.404187
World,2003,0.248545,0.348512,0.150535,0.121348,0.335383,0.218361,0.073869,0.225208,0.172417,0.008949,0.166935,0.860741,0.597077,0.405400
World,2004,0.275842,0.355234,0.158584,0.134509,0.330043,0.232478,0.067238,0.259116,0.178142,0.008883,0.191437,0.867873,0.588564,0.405527
World,2005,0.265165,0.360062,0.167198,0.131081,0.340959,0.224898,0.070793,0.241080,0.178593,0.008632,0.172973,0.874642,0.611073,0.403738
World,2006,0.270958,0.363101,0.167935,0.129931,0.341916,0.229402,0.074815,0.215143,0.189955,0.009384,0.179559,0.881849,0.604401,0.405252
World,2007,0.263918,0.372378,0.178644,0.135540,0.358541,0.230902,0.073033,0.204464,0.191080,0.008383,0.167814,0.888620,0.603373,0.407092
World,2008,0.287082,0.378659,0.182684,0.137901,0.352788,0.239145,0.080839,0.225054,0.193048,0.008292,0.195802,0.895651,0.584993,0.405883
World,2009,0.284560,0.382914,0.185891,0.140080,0.330675,0.236327,0.084882,0.226702,0.194208,0.008292,0.194305,0.902770,0.603121,0.405613
World,2010,0.278607,0.381003,0.185656,0.140287,0.379167,0.240071,0.079445,0.222039,0.187864,0.008386,0.182384,0.909966,0.616396,0.409769
World,2011,0.296587,0.392526,0.183553,0.139778,0.370561,0.261914,0.078191,0.232244,0.188965,0.008254,0.192147,0.917257,0.596714,0.406489
World,2012,0.289978,0.399071,0.188051,0.131897,0.336649,0.257084,0.083219,0.221230,0.174216,0.008312,0.185955,0.924947,0.603809,0.405184
World,2013,0.304770,0.396754,0.192053,0.147465,0.367677,0.262637,0.084055,0.245449,0.172975,0.008189,0.201939,0.932148,0.607586,0.406360
World,2014,0.311173,0.399486,0.198807,0.151760,0.382713,0.271965,0.081606,0.240117,0.177332,0.008329,0.204532,0.939587,0.613019,0.406335
World,2015,0.311895,0.402366,0.198833,0.150041,0.393379,0.269009,0.082821,0.241331,0.171351,0.008167,0.212615,0.947136,0.633743,0.407802
World,2016,0.320435,0.401336,0.198973,0.157454,0.404914,0.270296,0.076309,0.279482,0.178905,0.008295,0.213023,0.953921,0.659218,0.411799
World,2017,0.331937,0.405309,0.207359,0.156208,0.420097,0.281379,0.078011,0.282707,0.175483,0.008459,0.217992,0.960912,0.645961,0.410001
World,2018,0.320828,0.411652,0.217592,0.156638,0.408680,0.282123,0.075373,0.250321,0.180718,0.008964,0.206247,0.967507,0.634895,0.408325
World,2019,0.331974,0.414163,0.216812,0.159796,0.407253,0.296793,0.076757,0.272907,0.162946,0.009044,0.217536,0.973908,0.653673,0.408056
World,2020,0.325693,0.413563,0.208736,0.157767,0.410784,0.291289,0.078917,0.284131,0.161323,0.008899,0.212159,0.980226,0.658242,0.407170
World,2021,0.328646,0.417968,0.210836,0.159752,0.420421,0.275771,0.077802,0.242462,0.166177,0.009133,0.209122,0.986761,0.636256,0.402356
World,2022,0.345801,0.414471,0.212576,0.155550,0.383625,0.279802,0.076707,0.276188,0.165359,0.009143,0.230897,0.993298,0.640026,0.401501
Africa,2023,0.000000,0.000000,0.000000,0.000000,0.000000,0.000000,0.000000,0.000000,0.000000,0.000000,0.000000,0.152978,0.598283,0.403365
Asia,2023,0.000000,0.000000,0.000000,0.000000,0.000000,0.000000,0.000000,0.000000,0.000000,0.000000,0.000000,0.334268,0.598283,0.403365
Europe,2023,0.000000,0.000000,0.000000,0.000000,0.000000,0.000000,0.000000,0.000000,0.000000,0.000000,0.000000,0.125613,0.598283,0.403365
North America,2023,0.000000,0.000000,0.000000,0.000000,0.000000,0.000000,0.000000,0.000000,0.000000,0.000000,0.000000,0.168762,0.598283,0.403365
Oceania,2023,0.000000,0.000000,0.000000,0.000000,0.000000,0.000000,0.000000,0.000000,0.000000,0.000000,0.000000,0.031554,0.598283,0.403365
South America,2023,0.000000,0.000000,0.000000,0.000000,0.000000,0.000000,0.000000,0.000000,0.000000,0.000000,0.000000,0.190922,0.598283,0.403365
World,2023,0.000000,0.000000,0.000000,0.000000,0.000000,0.000000,0.000000,0.000000,0.000000,0.000000,0.000000,1.000000,0.681630,0.399150
World,2024,0.000000,0.000000,0.000000,0.000000,0.000000,0.000000,0.000000,0.000000,0.000000,0.000000,0.000000,0.000819,0.697453,0.403365
